<?xml version="1.0" encoding="UTF-8"?>
<project-private xmlns="http://www.netbeans.org/ns/project-private/1">
    <editor-bookmarks xmlns="http://www.netbeans.org/ns/editor-bookmarks/2" lastBookmarkId="0"/>
    <open-files xmlns="http://www.netbeans.org/ns/projectui-open-files/2">
        <group>
            <file>file:/C:/Users/alessio/Desktop/Java_Library-Manage_file_INI-master/src/Manage_File_INI/ParamAlreadyExistException.java</file>
            <file>file:/C:/Users/alessio/Desktop/Java_Library-Manage_file_INI-master/src/Manage_File_INI/prova_main.java</file>
            <file>file:/C:/Users/alessio/Desktop/Java_Library-Manage_file_INI-master/src/Manage_File_INI/Section.java</file>
            <file>file:/C:/Users/alessio/Desktop/Java_Library-Manage_file_INI-master/src/Manage_File_INI/ParamNotExistException.java</file>
            <file>file:/C:/Users/alessio/Desktop/Java_Library-Manage_file_INI-master/src/Manage_File_INI/IniReader.java</file>
            <file>file:/C:/Users/alessio/Desktop/Java_Library-Manage_file_INI-master/src/Manage_File_INI/Config.java</file>
            <file>file:/C:/Users/alessio/Desktop/Java_Library-Manage_file_INI-master/src/Manage_File_INI/SectionNotExistException.java</file>
            <file>file:/C:/Users/alessio/Desktop/Java_Library-Manage_file_INI-master/src/Manage_File_INI/SectionAlreadyExistException.java</file>
            <file>file:/C:/Users/alessio/Desktop/Java_Library-Manage_file_INI-master/src/Manage_File_INI/IniWriter.java</file>
        </group>
    </open-files>
</project-private>
